<log4j:configuration xmlns:log4j="http://jakarta.apache.org/log4j/">
  <appender name="patient_matching_file_log" class="org.apache.log4j.DailyRollingFileAppender">
    <param name="File" value="${catalina.home}/logs/link_module.log"/>
    <param name="Append" value="true"/>
    <layout class="org.apache.log4j.PatternLayout">
      <param name="ConversionPattern" value="[%d{yyyy-MM-dd HH:mm:ss}]%m%n"/>
    </layout>
  </appender> 
  
<root> 
    <level value="INFO"/>
	<appender-ref ref="patient_matching_file_log"/>
</root> 
</log4j:configuration>
